measure_id,measure_name,location_id,location_name,sex_id,sex_name,age_id,age_name,metric_id,metric_name,year,val,upper,lower
26,Life expectancy,4618,North East England,3,Both,28,<1 year,5,Years,1990,74.4290093305,74.6500793925,74.2042116646
26,Life expectancy,4619,North West England,3,Both,28,<1 year,5,Years,1990,74.7013830118,74.880186747,74.5296891108
26,Life expectancy,4620,Yorkshire and the Humber,3,Both,28,<1 year,5,Years,1990,75.372061815,75.5564853623,75.1757147064
26,Life expectancy,4621,East Midlands,3,Both,28,<1 year,5,Years,1990,75.8983142302,76.1407721074,75.6702765634
26,Life expectancy,4622,West Midlands,3,Both,28,<1 year,5,Years,1990,75.4181948639,75.6536329521,75.1974840421
26,Life expectancy,4623,East of England,3,Both,28,<1 year,5,Years,1990,77.0479356623,77.2984380648,76.819193609
26,Life expectancy,4624,Greater London,3,Both,28,<1 year,5,Years,1990,75.9545034958,76.098943024,75.8115574773
26,Life expectancy,4625,South East England,3,Both,28,<1 year,5,Years,1990,77.1050201066,77.2967491463,76.9071563089
26,Life expectancy,4626,South West England,3,Both,28,<1 year,5,Years,1990,77.1514072188,77.3342346273,76.9684272785
26,Life expectancy,4636,Wales,3,Both,28,<1 year,5,Years,1990,75.518217885,76.1152926925,74.9037080401
26,Life expectancy,4643,Aguascalientes,3,Both,28,<1 year,5,Years,1990,72.6861240869,73.4110411246,71.942623399
26,Life expectancy,4644,Baja California,3,Both,28,<1 year,5,Years,1990,69.9555441028,70.7436774807,69.2516826215
26,Life expectancy,4645,Baja California Sur,3,Both,28,<1 year,5,Years,1990,73.2140325581,74.1187659089,72.3409250055
26,Life expectancy,4646,Campeche,3,Both,28,<1 year,5,Years,1990,72.5630419047,73.4525508573,71.6941907804
26,Life expectancy,4647,Coahuila,3,Both,28,<1 year,5,Years,1990,71.0186659574,71.7475683201,70.247302194
26,Life expectancy,154,Tunisia,3,Both,28,<1 year,5,Years,1990,71.6243563406,72.3695435039,70.7618223029
26,Life expectancy,155,Turkey,3,Both,28,<1 year,5,Years,1990,70.0757071814,70.9524025439,69.2225497183
26,Life expectancy,156,United Arab Emirates,3,Both,28,<1 year,5,Years,1990,72.5127126453,74.6016805472,70.0832655425
26,Life expectancy,157,Yemen,3,Both,28,<1 year,5,Years,1990,58.6886469252,59.9437152422,57.4906989622
26,Life expectancy,158,South Asia,3,Both,28,<1 year,5,Years,1990,59.0961622847,59.5297564769,58.6679219584
26,Life expectancy,159,South Asia,3,Both,28,<1 year,5,Years,1990,59.0961622847,59.5297564769,58.6679219584
26,Life expectancy,160,Afghanistan,3,Both,28,<1 year,5,Years,1990,51.5990175504,52.9367553357,50.3401340249
26,Life expectancy,161,Bangladesh,3,Both,28,<1 year,5,Years,1990,58.0909938208,58.9640801777,57.2916646401
26,Life expectancy,162,Bhutan,3,Both,28,<1 year,5,Years,1990,59.9176109648,61.5449440844,58.2978835161
26,Life expectancy,163,India,3,Both,28,<1 year,5,Years,1990,58.957230992,59.4346524191,58.4877000358
26,Life expectancy,164,Nepal,3,Both,28,<1 year,5,Years,1990,57.6975558619,58.4938350834,56.9294287517
26,Life expectancy,165,Pakistan,3,Both,28,<1 year,5,Years,1990,62.4368962426,63.1877060524,61.6897617275
26,Life expectancy,166,Sub-Saharan Africa,3,Both,28,<1 year,5,Years,1990,53.688911217,54.113824488,53.2641117567
26,Life expectancy,167,Central Sub-Saharan Africa,3,Both,28,<1 year,5,Years,1990,52.6102709469,53.6736705676,51.5768425276
26,Life expectancy,168,Angola,3,Both,28,<1 year,5,Years,1990,50.1831794359,52.9984373306,47.5850399867
26,Life expectancy,169,Central African Republic,3,Both,28,<1 year,5,Years,1990,48.0877057462,49.8693384284,46.1979119783
26,Life expectancy,170,Congo,3,Both,28,<1 year,5,Years,1990,54.0259236896,55.6498376133,52.4739148865
26,Life expectancy,171,Democratic Republic of the Congo,3,Both,28,<1 year,5,Years,1990,53.8215994277,55.268188067,52.3007732431
26,Life expectancy,172,Equatorial Guinea,3,Both,28,<1 year,5,Years,1990,48.0890461017,51.1439545739,45.3828073198
26,Life expectancy,173,Gabon,3,Both,28,<1 year,5,Years,1990,59.3854186136,60.6677944924,58.1316513358
26,Life expectancy,174,Eastern Sub-Saharan Africa,3,Both,28,<1 year,5,Years,1990,51.1673289832,51.6909710332,50.6640741591
26,Life expectancy,175,Burundi,3,Both,28,<1 year,5,Years,1990,47.9873485107,49.7965762384,46.1194664742
26,Life expectancy,176,Comoros,3,Both,28,<1 year,5,Years,1990,58.5980530511,60.1709441174,57.3570806992
26,Life expectancy,177,Djibouti,3,Both,28,<1 year,5,Years,1990,61.1775578344,62.1237390878,60.1602953576
26,Life expectancy,178,Eritrea,3,Both,28,<1 year,5,Years,1990,52.3011961828,53.5561493067,51.1190220075
26,Life expectancy,179,Ethiopia,3,Both,28,<1 year,5,Years,1990,46.5684002893,47.5718338579,45.6568904985
26,Life expectancy,180,Kenya,3,Both,28,<1 year,5,Years,1990,61.4253368173,62.0492508104,60.7621899588
26,Life expectancy,181,Madagascar,3,Both,28,<1 year,5,Years,1990,55.5853989021,56.700734461,54.4786677199
26,Life expectancy,182,Malawi,3,Both,28,<1 year,5,Years,1990,48.6779379133,50.9971510913,46.2589222564
26,Life expectancy,183,Mauritius,3,Both,28,<1 year,5,Years,1990,69.2511258597,69.6584375812,68.8686420091
26,Life expectancy,184,Mozambique,3,Both,28,<1 year,5,Years,1990,50.7254521778,51.7306973612,49.779437154
26,Life expectancy,185,Rwanda,3,Both,28,<1 year,5,Years,1990,49.1168541224,50.6047277474,47.6625292631
26,Life expectancy,186,Seychelles,3,Both,28,<1 year,5,Years,1990,69.0319211893,69.7569677019,68.3149273053
26,Life expectancy,187,Somalia,3,Both,28,<1 year,5,Years,1990,50.5911920528,52.3254866594,48.6765345223
26,Life expectancy,189,Tanzania,3,Both,28,<1 year,5,Years,1990,54.8536324209,56.0858144986,53.5773782621
26,Life expectancy,190,Uganda,3,Both,28,<1 year,5,Years,1990,49.1032782899,50.9557240149,46.9531917536
26,Life expectancy,191,Zambia,3,Both,28,<1 year,5,Years,1990,52.1208502939,54.1153274018,49.9716241813
26,Life expectancy,192,Southern Sub-Saharan Africa,3,Both,28,<1 year,5,Years,1990,63.7550829045,64.5044868824,63.0066519291
26,Life expectancy,193,Botswana,3,Both,28,<1 year,5,Years,1990,64.4348778686,67.054329711,61.9449448469
26,Life expectancy,194,Lesotho,3,Both,28,<1 year,5,Years,1990,60.4232548426,61.9835260046,58.9576316884
26,Life expectancy,195,Namibia,3,Both,28,<1 year,5,Years,1990,61.4773066263,62.527117619,60.4604250595
26,Life expectancy,196,South Africa,3,Both,28,<1 year,5,Years,1990,64.3498954133,65.0468381228,63.7018133111
26,Life expectancy,197,Swaziland,3,Both,28,<1 year,5,Years,1990,62.3591560784,64.2314165014,60.4604739065
26,Life expectancy,198,Zimbabwe,3,Both,28,<1 year,5,Years,1990,61.606508176,65.1629887847,58.6972474318
26,Life expectancy,199,Western Sub-Saharan Africa,3,Both,28,<1 year,5,Years,1990,54.4170602622,55.1284366585,53.6316511841
26,Life expectancy,200,Benin,3,Both,28,<1 year,5,Years,1990,55.5153143966,56.4972603141,54.6027928334
26,Life expectancy,201,Burkina Faso,3,Both,28,<1 year,5,Years,1990,50.6527859395,51.818632993,49.6258033925
26,Life expectancy,202,Cameroon,3,Both,28,<1 year,5,Years,1990,58.448546152,59.6369340973,57.3246807026
26,Life expectancy,203,Cape Verde,3,Both,28,<1 year,5,Years,1990,67.9701314907,68.95323767,67.0900625821
26,Life expectancy,204,Chad,3,Both,28,<1 year,5,Years,1990,53.2617334995,54.2710534617,52.2291442477
26,Life expectancy,205,Cote d'Ivoire,3,Both,28,<1 year,5,Years,1990,54.7691826889,55.7015349867,53.7123860794
26,Life expectancy,206,The Gambia,3,Both,28,<1 year,5,Years,1990,61.58241803,62.9479879445,60.341870327
26,Life expectancy,207,Ghana,3,Both,28,<1 year,5,Years,1990,58.7703273386,59.997027843,57.5905923554
26,Life expectancy,208,Guinea,3,Both,28,<1 year,5,Years,1990,51.9402942513,53.1311956705,50.7247175871
26,Life expectancy,209,Guinea-Bissau,3,Both,28,<1 year,5,Years,1990,49.157257101,50.6484313231,47.7016849028
26,Life expectancy,210,Liberia,3,Both,28,<1 year,5,Years,1990,49.8264451841,50.9501832103,48.7431770356
26,Life expectancy,211,Mali,3,Both,28,<1 year,5,Years,1990,49.3294420442,50.4271340951,48.2713237017
26,Life expectancy,212,Mauritania,3,Both,28,<1 year,5,Years,1990,59.9118362123,61.0511125031,58.8546548921
26,Life expectancy,213,Niger,3,Both,28,<1 year,5,Years,1990,47.1371482138,48.3084268474,45.8074286644
26,Life expectancy,214,Nigeria,3,Both,28,<1 year,5,Years,1990,54.8513565501,56.2755868847,53.3064332444
26,Life expectancy,215,Sao Tome and Principe,3,Both,28,<1 year,5,Years,1990,63.253585836,64.4629475255,62.118082396
26,Life expectancy,216,Senegal,3,Both,28,<1 year,5,Years,1990,57.5363309471,58.3338455003,56.7849711577
26,Life expectancy,217,Sierra Leone,3,Both,28,<1 year,5,Years,1990,50.5183031812,51.7460520656,49.262957749
26,Life expectancy,218,Togo,3,Both,28,<1 year,5,Years,1990,57.387698807,58.4093009201,56.3634554188
26,Life expectancy,298,American Samoa,3,Both,28,<1 year,5,Years,1990,70.4766325498,71.5818992585,69.3816292309
26,Life expectancy,305,Bermuda,3,Both,28,<1 year,5,Years,1990,69.694118618,70.450195493,68.8701467353
26,Life expectancy,349,Greenland,3,Both,28,<1 year,5,Years,1990,61.4013389909,62.3766935796,60.3113847221
26,Life expectancy,351,Guam,3,Both,28,<1 year,5,Years,1990,73.0862389569,73.9564952552,72.1287703484
26,Life expectancy,376,Northern Mariana Islands,3,Both,28,<1 year,5,Years,1990,73.6376060503,75.8788855442,71.5657395596
26,Life expectancy,385,Puerto Rico,3,Both,28,<1 year,5,Years,1990,73.9639329333,74.5370308977,73.3962313888
26,Life expectancy,422,"Virgin Islands, U.S.",3,Both,28,<1 year,5,Years,1990,72.6039110551,73.6979220091,71.7498362809
26,Life expectancy,433,Northern Ireland,3,Both,28,<1 year,5,Years,1990,74.9385203928,75.6895253699,74.2318320997
26,Life expectancy,434,Scotland,3,Both,28,<1 year,5,Years,1990,73.9425507542,74.6147960701,73.2947366139
26,Life expectancy,435,South Sudan,3,Both,28,<1 year,5,Years,1990,51.5379658498,53.9266522526,49.2574085412
26,Life expectancy,522,Sudan,3,Both,28,<1 year,5,Years,1990,58.5491276683,59.502472616,57.5789514052
26,Life expectancy,34,Azerbaijan,3,Both,28,<1 year,5,Years,1990,66.315235243,67.5063504043,65.1341987393
26,Life expectancy,35,Georgia,3,Both,28,<1 year,5,Years,1990,69.7007977802,70.5693612381,68.7797011247
26,Life expectancy,36,Kazakhstan,3,Both,28,<1 year,5,Years,1990,67.9195110434,69.0556842049,66.8797161953
26,Life expectancy,37,Kyrgyzstan,3,Both,28,<1 year,5,Years,1990,66.0481918069,66.6322733705,65.5160035824
26,Life expectancy,38,Mongolia,3,Both,28,<1 year,5,Years,1990,62.4422782024,63.5610436333,61.2558441987
26,Life expectancy,39,Tajikistan,3,Both,28,<1 year,5,Years,1990,64.9573495955,66.2876426338,63.5513771212
26,Life expectancy,40,Turkmenistan,3,Both,28,<1 year,5,Years,1990,63.7326058461,64.8573086575,62.6098950217
26,Life expectancy,41,Uzbekistan,3,Both,28,<1 year,5,Years,1990,68.3513128432,69.1815774049,67.5825631065
26,Life expectancy,42,Central Europe,3,Both,28,<1 year,5,Years,1990,70.9266411623,71.1150055553,70.7507091141
26,Life expectancy,43,Albania,3,Both,28,<1 year,5,Years,1990,73.7348638494,74.288065019,73.1741731579
26,Life expectancy,44,Bosnia and Herzegovina,3,Both,28,<1 year,5,Years,1990,72.1353826254,73.3325539688,71.0284414188
26,Life expectancy,45,Bulgaria,3,Both,28,<1 year,5,Years,1990,71.3648924923,71.6670993478,71.0717227822
26,Life expectancy,46,Croatia,3,Both,28,<1 year,5,Years,1990,72.217519666,72.9688706486,71.4515596183
26,Life expectancy,47,Czech Republic,3,Both,28,<1 year,5,Years,1990,71.7989876149,72.0056222363,71.577200866
26,Life expectancy,48,Hungary,3,Both,28,<1 year,5,Years,1990,69.4899953543,70.0610009134,68.9587067083
26,Life expectancy,49,Macedonia,3,Both,28,<1 year,5,Years,1990,70.4983010502,71.056258141,69.9120851375
26,Life expectancy,50,Montenegro,3,Both,28,<1 year,5,Years,1990,75.0447888375,75.8561825717,74.1814146516
26,Life expectancy,51,Poland,3,Both,28,<1 year,5,Years,1990,70.8951693801,71.2852856792,70.5560630211
26,Life expectancy,52,Romania,3,Both,28,<1 year,5,Years,1990,69.8446412361,70.3431507396,69.3302736177
26,Life expectancy,53,Serbia,3,Both,28,<1 year,5,Years,1990,72.5826509571,73.4805905018,71.7402864991
26,Life expectancy,54,Slovakia,3,Both,28,<1 year,5,Years,1990,70.9548031855,71.3741812856,70.5241605874
26,Life expectancy,55,Slovenia,3,Both,28,<1 year,5,Years,1990,73.6357314159,74.3829192178,72.884324529
26,Life expectancy,56,Eastern Europe,3,Both,28,<1 year,5,Years,1990,69.4581172696,70.2247707799,68.7326415017
26,Life expectancy,57,Belarus,3,Both,28,<1 year,5,Years,1990,70.7415429958,71.2877392522,70.1536124435
26,Life expectancy,58,Estonia,3,Both,28,<1 year,5,Years,1990,70.1696399951,70.6145467058,69.7101373898
26,Life expectancy,59,Latvia,3,Both,28,<1 year,5,Years,1990,69.6000365191,70.2076975317,69.0673945658
26,Life expectancy,60,Lithuania,3,Both,28,<1 year,5,Years,1990,71.483220115,71.9318983421,71.0775096252
26,Life expectancy,61,Moldova,3,Both,28,<1 year,5,Years,1990,67.2696735665,68.1940228708,66.3195564978
26,Life expectancy,62,Russia,3,Both,28,<1 year,5,Years,1990,69.167082573,70.2854415815,68.1045769709
26,Life expectancy,63,Ukraine,3,Both,28,<1 year,5,Years,1990,70.077916498,70.6762489767,69.4521735051
26,Life expectancy,64,High-income,3,Both,28,<1 year,5,Years,1990,76.041426154,76.1196690858,75.9649652687
26,Life expectancy,65,High-income Asia Pacific,3,Both,28,<1 year,5,Years,1990,77.4482473648,77.7092823627,77.1713826686
26,Life expectancy,66,Brunei,3,Both,28,<1 year,5,Years,1990,73.3442806643,74.1792077787,72.4991740448
26,Life expectancy,67,Japan,3,Both,28,<1 year,5,Years,1990,78.9447669914,78.9782535722,78.909735331
26,Life expectancy,68,South Korea,3,Both,28,<1 year,5,Years,1990,72.0305903973,73.1407592454,70.9212661802
26,Life expectancy,69,Singapore,3,Both,28,<1 year,5,Years,1990,75.4114123746,76.4982457507,74.2846782374
26,Life expectancy,70,Australasia,3,Both,28,<1 year,5,Years,1990,76.7892641838,76.9529537335,76.6126877274
26,Life expectancy,71,Australia,3,Both,28,<1 year,5,Years,1990,77.0217177942,77.2143891595,76.8098946692
26,Life expectancy,72,New Zealand,3,Both,28,<1 year,5,Years,1990,75.6438073417,75.8923097666,75.3867245734
26,Life expectancy,73,Western Europe,3,Both,28,<1 year,5,Years,1990,76.2855716388,76.3967322421,76.1639599374
26,Life expectancy,74,Andorra,3,Both,28,<1 year,5,Years,1990,79.6427862496,81.4554234666,78.0925783119
26,Life expectancy,75,Austria,3,Both,28,<1 year,5,Years,1990,75.6878244813,75.8893100853,75.4961805292
26,Life expectancy,76,Belgium,3,Both,28,<1 year,5,Years,1990,75.9919989796,76.3402833178,75.6582469405
26,Life expectancy,77,Cyprus,3,Both,28,<1 year,5,Years,1990,74.9186786899,75.2585663601,74.5686094668
26,Life expectancy,78,Denmark,3,Both,28,<1 year,5,Years,1990,75.1997421402,75.804008515,74.6376593262
26,Life expectancy,79,Finland,3,Both,28,<1 year,5,Years,1990,75.0589903853,75.3343175284,74.789727112
26,Life expectancy,80,France,3,Both,28,<1 year,5,Years,1990,77.1605162075,77.4201895834,76.9225554181
26,Life expectancy,81,Germany,3,Both,28,<1 year,5,Years,1990,75.4679335055,75.8879752732,75.0061407086
26,Life expectancy,82,Greece,3,Both,28,<1 year,5,Years,1990,76.9976857534,77.2443118145,76.7394636067
26,Life expectancy,83,Iceland,3,Both,28,<1 year,5,Years,1990,78.0162078783,78.4586767031,77.6034980696
26,Life expectancy,84,Ireland,3,Both,28,<1 year,5,Years,1990,74.844784738,75.311931965,74.4116120554
26,Life expectancy,85,Israel,3,Both,28,<1 year,5,Years,1990,75.842837691,76.6407466305,75.0220176264
26,Life expectancy,86,Italy,3,Both,28,<1 year,5,Years,1990,77.0228609686,77.2032673205,76.8288989519
26,Life expectancy,87,Luxembourg,3,Both,28,<1 year,5,Years,1990,75.1859196231,75.5304132821,74.834466359
26,Life expectancy,88,Malta,3,Both,28,<1 year,5,Years,1990,75.7714068885,76.5351514042,75.0183833008
26,Life expectancy,89,Netherlands,3,Both,28,<1 year,5,Years,1990,77.0304959266,77.4183398904,76.6984590135
26,Life expectancy,90,Norway,3,Both,28,<1 year,5,Years,1990,76.8126544862,77.1642152643,76.4333300021
26,Life expectancy,91,Portugal,3,Both,28,<1 year,5,Years,1990,74.3237828323,74.5851200664,74.0365028344
26,Life expectancy,92,Spain,3,Both,28,<1 year,5,Years,1990,77.1229843565,77.2957884929,76.9370493301
26,Life expectancy,93,Sweden,3,Both,28,<1 year,5,Years,1990,77.6273026648,77.8964450384,77.3544146712
26,Life expectancy,94,Switzerland,3,Both,28,<1 year,5,Years,1990,77.4858401884,78.023399456,76.9455362884
26,Life expectancy,95,United Kingdom,3,Both,28,<1 year,5,Years,1990,75.723300808,75.8233195851,75.6343890691
26,Life expectancy,96,Southern Latin America,3,Both,28,<1 year,5,Years,1990,72.5029989883,72.7927806405,72.2013595451
26,Life expectancy,97,Argentina,3,Both,28,<1 year,5,Years,1990,72.0840437009,72.485296202,71.7227523985
26,Life expectancy,98,Chile,3,Both,28,<1 year,5,Years,1990,73.5014691704,74.0779368038,72.8890015997
26,Life expectancy,99,Uruguay,3,Both,28,<1 year,5,Years,1990,72.7488804921,73.054101661,72.4211278068
26,Life expectancy,100,High-income North America,3,Both,28,<1 year,5,Years,1990,75.6390492779,75.7147439194,75.5586067919
26,Life expectancy,101,Canada,3,Both,28,<1 year,5,Years,1990,77.4331035068,77.6697855945,77.2156945908
26,Life expectancy,102,United States,3,Both,28,<1 year,5,Years,1990,75.4503449877,75.5314922227,75.365995698
26,Life expectancy,103,Latin America and Caribbean,3,Both,28,<1 year,5,Years,1990,69.5021933828,69.6984390621,69.2638163842
26,Life expectancy,104,Caribbean,3,Both,28,<1 year,5,Years,1990,67.6897582198,68.2463797015,67.1045139627
26,Life expectancy,105,Antigua and Barbuda,3,Both,28,<1 year,5,Years,1990,73.8356862732,74.6946177117,72.9296275465
26,Life expectancy,106,The Bahamas,3,Both,28,<1 year,5,Years,1990,70.5276240299,71.3374216093,69.5082410793
26,Life expectancy,107,Barbados,3,Both,28,<1 year,5,Years,1990,73.7022471562,74.5395289438,72.6920425299
26,Life expectancy,108,Belize,3,Both,28,<1 year,5,Years,1990,71.5699414593,72.4783695622,70.4892255648
26,Life expectancy,109,Cuba,3,Both,28,<1 year,5,Years,1990,74.7673109881,75.1776316013,74.3710432143
26,Life expectancy,110,Dominica,3,Both,28,<1 year,5,Years,1990,72.0430447602,72.8422186264,71.228046783
26,Life expectancy,111,Dominican Republic,3,Both,28,<1 year,5,Years,1990,70.7387049755,71.5115410403,70.0419616659
26,Life expectancy,112,Grenada,3,Both,28,<1 year,5,Years,1990,70.9293242445,72.1140941788,69.5385895639
26,Life expectancy,113,Guyana,3,Both,28,<1 year,5,Years,1990,64.1755484285,64.9559710808,63.3690438418
26,Life expectancy,114,Haiti,3,Both,28,<1 year,5,Years,1990,53.9902781389,55.5106974978,52.461221427
26,Life expectancy,115,Jamaica,3,Both,28,<1 year,5,Years,1990,74.4294698601,75.4316614803,73.2940862794
26,Life expectancy,116,Saint Lucia,3,Both,28,<1 year,5,Years,1990,71.8741518381,72.6803457627,70.8541217492
26,Life expectancy,117,Saint Vincent and the Grenadines,3,Both,28,<1 year,5,Years,1990,70.6543506393,71.5820153238,69.6457016714
26,Life expectancy,118,Suriname,3,Both,28,<1 year,5,Years,1990,70.0752846676,70.6231406583,69.459067743
26,Life expectancy,119,Trinidad and Tobago,3,Both,28,<1 year,5,Years,1990,68.9973784532,69.5429416997,68.4407429607
26,Life expectancy,120,Andean Latin America,3,Both,28,<1 year,5,Years,1990,68.2494519844,68.7788854364,67.739916951
26,Life expectancy,121,Bolivia,3,Both,28,<1 year,5,Years,1990,61.3324462486,62.3750828398,60.3001699081
26,Life expectancy,122,Ecuador,3,Both,28,<1 year,5,Years,1990,71.3802328005,71.8271094366,70.9158530494
26,Life expectancy,123,Peru,3,Both,28,<1 year,5,Years,1990,69.4167835303,70.1930475718,68.6118974198
26,Life expectancy,124,Central Latin America,3,Both,28,<1 year,5,Years,1990,71.1440407753,71.3959568368,70.8959104658
26,Life expectancy,125,Colombia,3,Both,28,<1 year,5,Years,1990,71.3159799528,71.7045725122,70.9105248408
26,Life expectancy,126,Costa Rica,3,Both,28,<1 year,5,Years,1990,76.52080731,76.9776026308,76.0928883567
26,Life expectancy,127,El Salvador,3,Both,28,<1 year,5,Years,1990,68.1272542587,68.8220928574,67.4908610136
26,Life expectancy,128,Guatemala,3,Both,28,<1 year,5,Years,1990,64.6184540428,66.1379835292,63.2768224978
26,Life expectancy,129,Honduras,3,Both,28,<1 year,5,Years,1990,67.196923169,68.7857183275,65.3379213525
26,Life expectancy,130,Mexico,3,Both,28,<1 year,5,Years,1990,71.508886744,71.8320385925,71.1948060688
26,Life expectancy,131,Nicaragua,3,Both,28,<1 year,5,Years,1990,73.637498244,74.1030818972,73.1290260515
26,Life expectancy,132,Panama,3,Both,28,<1 year,5,Years,1990,74.9094208277,75.7005595052,74.104263864
26,Life expectancy,133,Venezuela,3,Both,28,<1 year,5,Years,1990,72.6237944035,73.2974809845,71.9564077349
26,Life expectancy,134,Tropical Latin America,3,Both,28,<1 year,5,Years,1990,68.5537942895,69.0036037414,68.1117435799
26,Life expectancy,135,Brazil,3,Both,28,<1 year,5,Years,1990,68.4113864808,68.8727395585,67.9646229941
26,Life expectancy,136,Paraguay,3,Both,28,<1 year,5,Years,1990,74.5855867933,75.1032838644,74.0679615905
26,Life expectancy,137,North Africa and Middle East,3,Both,28,<1 year,5,Years,1990,66.9195240899,67.3384482685,66.4779967497
26,Life expectancy,138,North Africa and Middle East,3,Both,28,<1 year,5,Years,1990,66.9195240899,67.3384482685,66.4779967497
26,Life expectancy,139,Algeria,3,Both,28,<1 year,5,Years,1990,70.9936082537,71.8732821992,70.1734935098
26,Life expectancy,140,Bahrain,3,Both,28,<1 year,5,Years,1990,69.5898087527,70.6840121466,68.4204051996
26,Life expectancy,141,Egypt,3,Both,28,<1 year,5,Years,1990,65.3138784726,66.1205852946,64.5332384427
26,Life expectancy,142,Iran,3,Both,28,<1 year,5,Years,1990,67.9211298908,70.2358288386,65.7258856941
26,Life expectancy,143,Iraq,3,Both,28,<1 year,5,Years,1990,66.1350203603,67.6505184363,64.3798856305
26,Life expectancy,144,Jordan,3,Both,28,<1 year,5,Years,1990,71.7661990154,72.9187135489,70.5724606335
26,Life expectancy,145,Kuwait,3,Both,28,<1 year,5,Years,1990,75.5608720937,77.3475979421,73.9959523465
26,Life expectancy,146,Lebanon,3,Both,28,<1 year,5,Years,1990,69.0839053815,70.8826818052,67.641337028
26,Life expectancy,147,Libya,3,Both,28,<1 year,5,Years,1990,73.0310009685,74.0091244622,72.140753328
26,Life expectancy,148,Morocco,3,Both,28,<1 year,5,Years,1990,67.2088448408,67.8534447891,66.4718708067
26,Life expectancy,149,Palestine,3,Both,28,<1 year,5,Years,1990,70.9592730759,72.3890672081,69.5720508575
26,Life expectancy,150,Oman,3,Both,28,<1 year,5,Years,1990,70.6456131443,71.6882789947,69.5659358117
26,Life expectancy,151,Qatar,3,Both,28,<1 year,5,Years,1990,74.9646472357,76.7727733854,72.975707683
26,Life expectancy,152,Saudi Arabia,3,Both,28,<1 year,5,Years,1990,71.8739181468,73.0667485307,70.6756603814
26,Life expectancy,153,Syria,3,Both,28,<1 year,5,Years,1990,70.8910041379,71.617025668,70.1815498372
26,Life expectancy,4944,Stockholm,3,Both,28,<1 year,5,Years,1990,77.2750378501,77.769179635,76.7721325286
26,Life expectancy,35424,Hokkaid?,3,Both,28,<1 year,5,Years,1990,78.6286778762,78.8425438968,78.4190100856
26,Life expectancy,35425,Aomori,3,Both,28,<1 year,5,Years,1990,77.8832786784,78.1366926304,77.6535499077
26,Life expectancy,35426,Iwate,3,Both,28,<1 year,5,Years,1990,78.647489417,78.8640905298,78.4433481022
26,Life expectancy,35427,Miyagi,3,Both,28,<1 year,5,Years,1990,79.1520887981,79.3522361334,78.9653240402
26,Life expectancy,35428,Akita,3,Both,28,<1 year,5,Years,1990,78.5270144026,78.775469343,78.310609363
26,Life expectancy,35429,Yamagata,3,Both,28,<1 year,5,Years,1990,79.2979434362,79.5269841907,79.0681028311
26,Life expectancy,35430,Fukushima,3,Both,28,<1 year,5,Years,1990,78.7905928532,79.0476779145,78.5282402277
26,Life expectancy,35431,Ibaraki,3,Both,28,<1 year,5,Years,1990,78.523597281,78.7097062658,78.32161784
26,Life expectancy,35432,Tochigi,3,Both,28,<1 year,5,Years,1990,78.2052579005,78.4005460323,77.9999928979
26,Life expectancy,35433,Gunma,3,Both,28,<1 year,5,Years,1990,79.0074180186,79.1997754904,78.8062471292
26,Life expectancy,35434,Saitama,3,Both,28,<1 year,5,Years,1990,78.8846033389,79.0343261205,78.730702506
26,Life expectancy,35435,Chiba,3,Both,28,<1 year,5,Years,1990,79.1700869642,79.3180939604,79.0352997306
26,Life expectancy,35436,T?ky?,3,Both,28,<1 year,5,Years,1990,79.0441650621,79.1926245764,78.8845931422
26,Life expectancy,35437,Kanagawa,3,Both,28,<1 year,5,Years,1990,79.267557667,79.4084098638,79.1296123746
26,Life expectancy,35438,Niigata,3,Both,28,<1 year,5,Years,1990,79.6059813989,79.8957683021,79.308085533
26,Life expectancy,35439,Toyama,3,Both,28,<1 year,5,Years,1990,79.2475208919,79.4583704898,79.0269375085
26,Life expectancy,35440,Ishikawa,3,Both,28,<1 year,5,Years,1990,79.3465963089,79.5630895164,79.1140746894
26,Life expectancy,35441,Fukui,3,Both,28,<1 year,5,Years,1990,79.6142230389,79.8791737568,79.338910547
26,Life expectancy,35442,Yamanashi,3,Both,28,<1 year,5,Years,1990,79.1930986307,79.5904019116,78.815969612
26,Life expectancy,35443,Nagano,3,Both,28,<1 year,5,Years,1990,80.0695389286,80.3584738938,79.7824290358
26,Life expectancy,35444,Gifu,3,Both,28,<1 year,5,Years,1990,79.1639058814,79.4255366331,78.8799960794
26,Life expectancy,35445,Shizuoka,3,Both,28,<1 year,5,Years,1990,79.4490576675,79.5965698261,79.2960412696
26,Life expectancy,35446,Aichi,3,Both,28,<1 year,5,Years,1990,78.9017764795,79.0438347635,78.7542395971
26,Life expectancy,35447,Mie,3,Both,28,<1 year,5,Years,1990,78.9844322109,79.1787129738,78.7876152647
26,Life expectancy,35448,Shiga,3,Both,28,<1 year,5,Years,1990,79.0999074624,79.4033510382,78.7659689761
26,Life expectancy,35449,Ky?to,3,Both,28,<1 year,5,Years,1990,79.1290003909,79.3020288733,78.9637769698
26,Life expectancy,35450,?saka,3,Both,28,<1 year,5,Years,1990,77.9364668247,78.0931813412,77.7824363045
26,Life expectancy,35451,Hy?go,3,Both,28,<1 year,5,Years,1990,78.4712364637,78.6241868167,78.3213930664
26,Life expectancy,35452,Nara,3,Both,28,<1 year,5,Years,1990,78.9349408005,79.1402486424,78.7259681316
26,Life expectancy,35453,Wakayama,3,Both,28,<1 year,5,Years,1990,78.2944438582,78.6131213677,78.005735949
26,Life expectancy,1,Global,3,Both,28,<1 year,5,Years,1990,65.0951407531,65.3217995493,64.8720084835
26,Life expectancy,4,"Southeast Asia, East Asia, and Oceania",3,Both,28,<1 year,5,Years,1990,66.5391200075,66.8906881752,66.1874883315
26,Life expectancy,5,East Asia,3,Both,28,<1 year,5,Years,1990,67.1555591486,67.6201202261,66.6470658554
26,Life expectancy,6,China,3,Both,28,<1 year,5,Years,1990,66.9596124609,67.4327760936,66.4427290062
26,Life expectancy,7,North Korea,3,Both,28,<1 year,5,Years,1990,71.9468927629,73.2542520995,70.7998434795
26,Life expectancy,8,Taiwan,3,Both,28,<1 year,5,Years,1990,73.9382923952,74.366226298,73.5212512465
26,Life expectancy,9,Southeast Asia,3,Both,28,<1 year,5,Years,1990,65.3247616945,65.6950098847,64.9481004001
26,Life expectancy,10,Cambodia,3,Both,28,<1 year,5,Years,1990,57.3874582629,58.3243859764,56.5298566826
26,Life expectancy,11,Indonesia,3,Both,28,<1 year,5,Years,1990,63.6217910833,63.9941860599,63.2174984524
26,Life expectancy,12,Laos,3,Both,28,<1 year,5,Years,1990,52.423586416,53.8091701431,50.9763196365
26,Life expectancy,13,Malaysia,3,Both,28,<1 year,5,Years,1990,71.5678796302,71.7955046149,71.3267289196
26,Life expectancy,14,Maldives,3,Both,28,<1 year,5,Years,1990,62.4645403685,63.3541488378,61.6572254207
26,Life expectancy,15,Myanmar,3,Both,28,<1 year,5,Years,1990,58.5701231901,60.1411367325,56.9663806888
26,Life expectancy,16,Philippines,3,Both,28,<1 year,5,Years,1990,67.0331596804,67.6798708447,66.4218782609
26,Life expectancy,17,Sri Lanka,3,Both,28,<1 year,5,Years,1990,71.2853431564,72.0519742761,70.5394342546
26,Life expectancy,18,Thailand,3,Both,28,<1 year,5,Years,1990,70.5643108666,71.1163735985,69.9712807011
26,Life expectancy,19,Timor-Leste,3,Both,28,<1 year,5,Years,1990,57.8971323852,59.9832024835,55.8231427221
26,Life expectancy,20,Vietnam,3,Both,28,<1 year,5,Years,1990,68.2278522201,69.7212684493,66.7778152288
26,Life expectancy,21,Oceania,3,Both,28,<1 year,5,Years,1990,58.456605293,60.1133590661,56.6488229974
26,Life expectancy,22,Fiji,3,Both,28,<1 year,5,Years,1990,65.2047462524,67.8738249723,62.4619199437
26,Life expectancy,23,Kiribati,3,Both,28,<1 year,5,Years,1990,58.1357997932,59.7891052766,56.4204899486
26,Life expectancy,24,Marshall Islands,3,Both,28,<1 year,5,Years,1990,64.4967285855,65.6464726221,63.1935756858
26,Life expectancy,25,Federated States of Micronesia,3,Both,28,<1 year,5,Years,1990,63.2031840446,65.3266678729,60.8856357709
26,Life expectancy,26,Papua New Guinea,3,Both,28,<1 year,5,Years,1990,55.9268043515,58.1535785782,53.6118926076
26,Life expectancy,27,Samoa,3,Both,28,<1 year,5,Years,1990,68.8930403159,70.5166697096,67.1563519306
26,Life expectancy,28,Solomon Islands,3,Both,28,<1 year,5,Years,1990,60.0689922671,62.5205570965,57.9262623844
26,Life expectancy,29,Tonga,3,Both,28,<1 year,5,Years,1990,67.8704314731,69.7134919374,65.9955580684
26,Life expectancy,30,Vanuatu,3,Both,28,<1 year,5,Years,1990,61.6822643575,63.7117647871,59.6761595656
26,Life expectancy,31,"Central Europe, Eastern Europe, and Central Asia",3,Both,28,<1 year,5,Years,1990,69.1782546211,69.6178849903,68.7511847807
26,Life expectancy,32,Central Asia,3,Both,28,<1 year,5,Years,1990,67.2716604307,67.7105147954,66.8228948424
26,Life expectancy,33,Armenia,3,Both,28,<1 year,5,Years,1990,70.3341900685,71.0304093779,69.6124009418
26,Life expectancy,35454,Tottori,3,Both,28,<1 year,5,Years,1990,78.9876070033,79.3974553351,78.5483496827
26,Life expectancy,35455,Shimane,3,Both,28,<1 year,5,Years,1990,79.4841483303,79.8949453148,79.1109866518
26,Life expectancy,35456,Okayama,3,Both,28,<1 year,5,Years,1990,79.3785782446,79.5932563181,79.1699292042
26,Life expectancy,35457,Hiroshima,3,Both,28,<1 year,5,Years,1990,79.1525284538,79.3332748729,78.9706301918
26,Life expectancy,35458,Yamaguchi,3,Both,28,<1 year,5,Years,1990,78.9322027703,79.1242744189,78.7281221121
26,Life expectancy,35459,Tokushima,3,Both,28,<1 year,5,Years,1990,78.6252871646,78.9850469828,78.2493076584
26,Life expectancy,35460,Kagawa,3,Both,28,<1 year,5,Years,1990,79.1760004985,79.4338894933,78.95280442
26,Life expectancy,35461,Ehime,3,Both,28,<1 year,5,Years,1990,78.9599441275,79.2885663473,78.619374843
26,Life expectancy,35462,K?chi,3,Both,28,<1 year,5,Years,1990,78.6475293657,78.8863851622,78.4132357648
26,Life expectancy,35463,Fukuoka,3,Both,28,<1 year,5,Years,1990,78.5890786949,78.7548469052,78.4257237418
26,Life expectancy,35464,Saga,3,Both,28,<1 year,5,Years,1990,78.7321389521,79.1222913393,78.371285395
26,Life expectancy,35465,Nagasaki,3,Both,28,<1 year,5,Years,1990,78.6496243759,78.8456246419,78.4461076865
26,Life expectancy,35466,Kumamoto,3,Both,28,<1 year,5,Years,1990,79.4331856301,79.6533826687,79.2170974899
26,Life expectancy,35467,?ita,3,Both,28,<1 year,5,Years,1990,79.0437047863,79.3713870584,78.7002713761
26,Life expectancy,35468,Miyazaki,3,Both,28,<1 year,5,Years,1990,78.8312895474,79.0576531697,78.5878467568
26,Life expectancy,35469,Kagoshima,3,Both,28,<1 year,5,Years,1990,78.8293353035,79.1394130127,78.5155505004
26,Life expectancy,35470,Okinawa,3,Both,28,<1 year,5,Years,1990,79.9385872523,80.1820074338,79.6760297753
26,Life expectancy,44634,High-middle SDI,3,Both,28,<1 year,5,Years,1990,69.9638117754,70.3033073721,69.6188713494
26,Life expectancy,44635,High SDI,3,Both,28,<1 year,5,Years,1990,75.7777443885,75.8539286361,75.7025456872
26,Life expectancy,44636,Low-middle SDI,3,Both,28,<1 year,5,Years,1990,59.0250423201,59.3860654316,58.6392826485
26,Life expectancy,44637,Low SDI,3,Both,28,<1 year,5,Years,1990,52.4535983472,52.9163370906,52.0093493987
26,Life expectancy,44639,Middle SDI,3,Both,28,<1 year,5,Years,1990,66.6477081224,66.934446695,66.3531513258
26,Life expectancy,1,Global,3,Both,28,<1 year,5,Years,2016,72.4834443069,72.8200868738,72.1012940494
26,Life expectancy,4,"Southeast Asia, East Asia, and Oceania",3,Both,28,<1 year,5,Years,2016,75.0501650438,75.296659744,74.7924148247
26,Life expectancy,5,East Asia,3,Both,28,<1 year,5,Years,2016,76.2875119823,76.5489793999,76.0269729185
26,Life expectancy,6,China,3,Both,28,<1 year,5,Years,2016,76.3625512023,76.6215821144,76.122215763
26,Life expectancy,7,North Korea,3,Both,28,<1 year,5,Years,2016,70.851390888,71.7474234944,69.954361285
26,Life expectancy,8,Taiwan,3,Both,28,<1 year,5,Years,2016,79.6641294398,81.0223648852,78.4520152584
26,Life expectancy,9,Southeast Asia,3,Both,28,<1 year,5,Years,2016,72.7047819814,73.1101582001,72.2423749553
26,Life expectancy,10,Cambodia,3,Both,28,<1 year,5,Years,2016,68.747882962,69.6691643091,67.8200458498
26,Life expectancy,11,Indonesia,3,Both,28,<1 year,5,Years,2016,71.6605087775,72.248701372,71.0386847128
26,Life expectancy,12,Laos,3,Both,28,<1 year,5,Years,2016,67.247982365,68.5753714488,65.601479747
26,Life expectancy,13,Malaysia,3,Both,28,<1 year,5,Years,2016,75.5581462432,76.0454176973,75.0804355768
26,Life expectancy,14,Maldives,3,Both,28,<1 year,5,Years,2016,79.3236945489,81.0685924019,77.4854391436
26,Life expectancy,15,Myanmar,3,Both,28,<1 year,5,Years,2016,70.0161157894,71.0632951551,68.8366554421
26,Life expectancy,16,Philippines,3,Both,28,<1 year,5,Years,2016,70.1022763987,71.4952784379,68.6969661066
26,Life expectancy,17,Sri Lanka,3,Both,28,<1 year,5,Years,2016,77.4124094072,79.6785525965,75.2389176073
26,Life expectancy,18,Thailand,3,Both,28,<1 year,5,Years,2016,77.7049564694,78.8140129575,76.7196852738
26,Life expectancy,19,Timor-Leste,3,Both,28,<1 year,5,Years,2016,72.6695391961,75.0005222155,70.3519359913
26,Life expectancy,20,Vietnam,3,Both,28,<1 year,5,Years,2016,74.5505039661,75.6349507658,73.4047986386
26,Life expectancy,21,Oceania,3,Both,28,<1 year,5,Years,2016,62.1942079313,64.4009130265,59.7949976794
26,Life expectancy,22,Fiji,3,Both,28,<1 year,5,Years,2016,65.3773137924,68.6189036337,62.3599889812
26,Life expectancy,23,Kiribati,3,Both,28,<1 year,5,Years,2016,61.7852213296,64.1432795483,59.0997713428
26,Life expectancy,24,Marshall Islands,3,Both,28,<1 year,5,Years,2016,64.9157707808,67.0083465219,62.9479611717
26,Life expectancy,25,Federated States of Micronesia,3,Both,28,<1 year,5,Years,2016,65.5024278099,68.3002847609,62.5467688
26,Life expectancy,26,Papua New Guinea,3,Both,28,<1 year,5,Years,2016,60.7941744587,63.553034135,57.867678555
26,Life expectancy,27,Samoa,3,Both,28,<1 year,5,Years,2016,71.886087117,73.6027726248,70.3335761697
26,Life expectancy,28,Solomon Islands,3,Both,28,<1 year,5,Years,2016,63.043009322,65.5110477524,60.4181096837
26,Life expectancy,29,Tonga,3,Both,28,<1 year,5,Years,2016,70.3920274474,72.3036306415,68.527505225
26,Life expectancy,30,Vanuatu,3,Both,28,<1 year,5,Years,2016,63.900410831,66.3265845551,61.2065452961
26,Life expectancy,31,"Central Europe, Eastern Europe, and Central Asia",3,Both,28,<1 year,5,Years,2016,72.7333574604,74.2217381813,71.0686110596
26,Life expectancy,32,Central Asia,3,Both,28,<1 year,5,Years,2016,71.3092066616,72.1809088742,70.4436640322
26,Life expectancy,33,Armenia,3,Both,28,<1 year,5,Years,2016,75.8507684779,76.9066440778,74.8309549583
26,Life expectancy,34,Azerbaijan,3,Both,28,<1 year,5,Years,2016,72.0311779361,73.957473462,70.1419891237
26,Life expectancy,35,Georgia,3,Both,28,<1 year,5,Years,2016,73.9166896335,75.6839495642,71.9700635432
26,Life expectancy,36,Kazakhstan,3,Both,28,<1 year,5,Years,2016,71.749910149,73.6720423308,69.6895095891
26,Life expectancy,37,Kyrgyzstan,3,Both,28,<1 year,5,Years,2016,71.2377125749,72.2903505973,70.2268560812
26,Life expectancy,38,Mongolia,3,Both,28,<1 year,5,Years,2016,68.1209754079,69.7620794491,66.520888793
26,Life expectancy,39,Tajikistan,3,Both,28,<1 year,5,Years,2016,71.7628732123,73.3366218756,70.1109243861
26,Life expectancy,40,Turkmenistan,3,Both,28,<1 year,5,Years,2016,70.2434697214,71.3034084007,69.0285679588
26,Life expectancy,41,Uzbekistan,3,Both,28,<1 year,5,Years,2016,70.2909283297,71.6484031015,68.9892712006
26,Life expectancy,42,Central Europe,3,Both,28,<1 year,5,Years,2016,76.8694559151,77.2179543118,76.5083589758
26,Life expectancy,43,Albania,3,Both,28,<1 year,5,Years,2016,77.5949715465,78.8217400909,76.5031875971
26,Life expectancy,44,Bosnia and Herzegovina,3,Both,28,<1 year,5,Years,2016,77.5513393365,78.9884175934,76.178002319
26,Life expectancy,45,Bulgaria,3,Both,28,<1 year,5,Years,2016,75.0264913686,76.5733780001,73.5074665409
26,Life expectancy,46,Croatia,3,Both,28,<1 year,5,Years,2016,77.3605355416,78.6486206678,76.2412323765
26,Life expectancy,47,Czech Republic,3,Both,28,<1 year,5,Years,2016,79.1048385088,79.5794824739,78.6486038379
26,Life expectancy,48,Hungary,3,Both,28,<1 year,5,Years,2016,75.7468720562,76.8227501363,74.705200556
26,Life expectancy,49,Macedonia,3,Both,28,<1 year,5,Years,2016,74.8206591486,75.4838162987,74.1610927411
26,Life expectancy,50,Montenegro,3,Both,28,<1 year,5,Years,2016,77.0353150733,77.9541730088,76.1555671756
26,Life expectancy,51,Poland,3,Both,28,<1 year,5,Years,2016,77.9305180191,78.7761259247,77.0612114913
26,Life expectancy,52,Romania,3,Both,28,<1 year,5,Years,2016,75.2301287457,76.1765214533,74.2436382204
26,Life expectancy,53,Serbia,3,Both,28,<1 year,5,Years,2016,75.9023306653,76.4645293571,75.3517366559
26,Life expectancy,54,Slovakia,3,Both,28,<1 year,5,Years,2016,76.9663833309,78.0316812192,75.8732751254
26,Life expectancy,55,Slovenia,3,Both,28,<1 year,5,Years,2016,80.8381681894,82.102855339,79.7688272616
26,Life expectancy,56,Eastern Europe,3,Both,28,<1 year,5,Years,2016,71.4164880712,73.9704263664,68.6627612032
26,Life expectancy,57,Belarus,3,Both,28,<1 year,5,Years,2016,73.6002244216,75.5304315216,71.8601541332
26,Life expectancy,58,Estonia,3,Both,28,<1 year,5,Years,2016,77.579666814,78.7592796026,76.4813921814
26,Life expectancy,59,Latvia,3,Both,28,<1 year,5,Years,2016,75.0595751062,76.4079093225,73.8450411375
26,Life expectancy,60,Lithuania,3,Both,28,<1 year,5,Years,2016,75.1601730339,75.9650035022,74.3376416609
26,Life expectancy,61,Moldova,3,Both,28,<1 year,5,Years,2016,72.2462272095,73.5253335752,71.0027732362
26,Life expectancy,62,Russia,3,Both,28,<1 year,5,Years,2016,70.8653882952,74.5171746715,67.1133396647
26,Life expectancy,63,Ukraine,3,Both,28,<1 year,5,Years,2016,72.1014143786,74.6995000625,69.3768679306
26,Life expectancy,64,High-income,3,Both,28,<1 year,5,Years,2016,80.9094532394,81.0629327285,80.7592770733
26,Life expectancy,4618,North East England,3,Both,28,<1 year,5,Years,2016,79.7583831972,80.0894788632,79.4275281814
26,Life expectancy,4619,North West England,3,Both,28,<1 year,5,Years,2016,79.8984617502,80.1511091503,79.6273313684
26,Life expectancy,4620,Yorkshire and the Humber,3,Both,28,<1 year,5,Years,2016,80.4091465632,80.6927940346,80.1371124502
26,Life expectancy,4621,East Midlands,3,Both,28,<1 year,5,Years,2016,80.9803122729,81.3321022136,80.6312896428
26,Life expectancy,4622,West Midlands,3,Both,28,<1 year,5,Years,2016,80.665254471,80.9668633864,80.3386301686
26,Life expectancy,4623,East of England,3,Both,28,<1 year,5,Years,2016,81.9163681502,82.2655774734,81.5751800553
26,Life expectancy,4624,Greater London,3,Both,28,<1 year,5,Years,2016,81.7750198431,81.9806477036,81.5699726996
26,Life expectancy,4625,South East England,3,Both,28,<1 year,5,Years,2016,82.0893783954,82.3634305843,81.8001323698
26,Life expectancy,4626,South West England,3,Both,28,<1 year,5,Years,2016,81.8872340847,82.1639423851,81.6099193755
26,Life expectancy,4636,Wales,3,Both,28,<1 year,5,Years,2016,80.0601171763,81.11250987,78.9710722982
26,Life expectancy,4643,Aguascalientes,3,Both,28,<1 year,5,Years,2016,77.222334178,78.344129908,76.0800005919
26,Life expectancy,4644,Baja California,3,Both,28,<1 year,5,Years,2016,76.5737836386,77.8221823195,75.4179757956
26,Life expectancy,4645,Baja California Sur,3,Both,28,<1 year,5,Years,2016,76.0694353443,77.5558609997,74.6042914553
26,Life expectancy,4646,Campeche,3,Both,28,<1 year,5,Years,2016,76.3438129386,77.5483247853,75.1695191337
26,Life expectancy,4647,Coahuila,3,Both,28,<1 year,5,Years,2016,75.5915154428,76.7069072933,74.3306966261
26,Life expectancy,4648,Colima,3,Both,28,<1 year,5,Years,2016,75.7064447065,77.0127839348,74.3048744692
26,Life expectancy,4649,Chiapas,3,Both,28,<1 year,5,Years,2016,74.658628213,76.0831291694,73.3394305418
26,Life expectancy,4650,Chihuahua,3,Both,28,<1 year,5,Years,2016,75.8910079162,77.3404560931,74.3735433501
26,Life expectancy,4651,Distrito Federal,3,Both,28,<1 year,5,Years,2016,76.7154796189,77.8153741671,75.7276428642
26,Life expectancy,4652,Durango,3,Both,28,<1 year,5,Years,2016,77.2494504888,78.5958604627,75.9085652185
26,Life expectancy,4653,Guanajuato,3,Both,28,<1 year,5,Years,2016,75.9893943005,77.0075837092,74.9100121877
26,Life expectancy,4654,Guerrero,3,Both,28,<1 year,5,Years,2016,76.1568212633,77.7652297698,74.4840179006
26,Life expectancy,4655,Hidalgo,3,Both,28,<1 year,5,Years,2016,77.1362935214,78.1977540169,76.1324891779
26,Life expectancy,4656,Jalisco,3,Both,28,<1 year,5,Years,2016,75.9787532021,77.0990031555,74.7788525065
26,Life expectancy,4657,México,3,Both,28,<1 year,5,Years,2016,77.145723333,78.1210073169,76.1096355687
26,Life expectancy,4658,Michoacán de Ocampo,3,Both,28,<1 year,5,Years,2016,76.7285643932,78.1050915378,75.4359386423
26,Life expectancy,4659,Morelos,3,Both,28,<1 year,5,Years,2016,76.6612732486,77.918174069,75.3779619544
26,Life expectancy,4660,Nayarit,3,Both,28,<1 year,5,Years,2016,77.1356572542,78.248089095,75.941827128
26,Life expectancy,4661,Nuevo León,3,Both,28,<1 year,5,Years,2016,77.5697402264,78.6802618558,76.4651269723
26,Life expectancy,4662,Oaxaca,3,Both,28,<1 year,5,Years,2016,76.2351560617,77.3292059541,75.1415377023
26,Life expectancy,4663,Puebla,3,Both,28,<1 year,5,Years,2016,75.9790224282,77.1426098457,74.8304564547
26,Life expectancy,4664,Querétaro,3,Both,28,<1 year,5,Years,2016,76.5664137602,77.5610348941,75.5950082171
26,Life expectancy,4665,Quintana Roo,3,Both,28,<1 year,5,Years,2016,76.2275906688,77.6367861311,74.8310937377
26,Life expectancy,4666,San Luis Potosí,3,Both,28,<1 year,5,Years,2016,77.1289289235,78.1466644327,76.1264254182
26,Life expectancy,4667,Sinaloa,3,Both,28,<1 year,5,Years,2016,78.2410643103,79.6363798896,76.7789360478
26,Life expectancy,4668,Sonora,3,Both,28,<1 year,5,Years,2016,75.4583699804,76.9517244879,73.8953229037
26,Life expectancy,4669,Tabasco,3,Both,28,<1 year,5,Years,2016,75.3537165339,76.6353747102,74.0307857829
26,Life expectancy,4670,Tamaulipas,3,Both,28,<1 year,5,Years,2016,77.2140502108,78.2669969644,76.1456246169
26,Life expectancy,4671,Tlaxcala,3,Both,28,<1 year,5,Years,2016,77.5151703851,78.6498423856,76.3896506921
26,Life expectancy,4672,Veracruz de Ignacio de la Llave,3,Both,28,<1 year,5,Years,2016,75.1388827544,76.2996191228,73.9614672595
26,Life expectancy,4673,Yucatán,3,Both,28,<1 year,5,Years,2016,75.6672126454,76.7004652047,74.5731586457
26,Life expectancy,4674,Zacatecas,3,Both,28,<1 year,5,Years,2016,76.8322838466,77.9488198159,75.7470374393
26,Life expectancy,65,High-income Asia Pacific,3,Both,28,<1 year,5,Years,2016,83.3023656487,83.9327529863,82.626476263
26,Life expectancy,66,Brunei,3,Both,28,<1 year,5,Years,2016,76.8822559373,78.6105349108,75.5136664405
26,Life expectancy,67,Japan,3,Both,28,<1 year,5,Years,2016,83.9445359159,84.1200389101,83.7668295941
26,Life expectancy,68,South Korea,3,Both,28,<1 year,5,Years,2016,80.9979808845,83.570655689,78.5237175464
26,Life expectancy,69,Singapore,3,Both,28,<1 year,5,Years,2016,83.7348989654,85.3545266914,81.9497559098
26,Life expectancy,70,Australasia,3,Both,28,<1 year,5,Years,2016,82.3529584897,82.7825507455,81.8800631212
26,Life expectancy,71,Australia,3,Both,28,<1 year,5,Years,2016,82.5193604401,83.0233060171,81.9722617123
26,Life expectancy,72,New Zealand,3,Both,28,<1 year,5,Years,2016,81.4796591501,82.2995735449,80.560954967
26,Life expectancy,73,Western Europe,3,Both,28,<1 year,5,Years,2016,81.6927386016,81.8995814485,81.4817911088
26,Life expectancy,74,Andorra,3,Both,28,<1 year,5,Years,2016,82.5233151026,84.1276589522,80.8671090849
26,Life expectancy,75,Austria,3,Both,28,<1 year,5,Years,2016,81.53686633,82.0079964484,81.0481375025
26,Life expectancy,76,Belgium,3,Both,28,<1 year,5,Years,2016,80.9131232778,81.7686525313,80.0673893627
26,Life expectancy,77,Cyprus,3,Both,28,<1 year,5,Years,2016,80.4762418577,80.9468931103,80.0020031832
26,Life expectancy,78,Denmark,3,Both,28,<1 year,5,Years,2016,80.8248888935,81.8268170076,79.8123463829
26,Life expectancy,79,Finland,3,Both,28,<1 year,5,Years,2016,81.7430467838,82.4104655985,81.1380511624
26,Life expectancy,80,France,3,Both,28,<1 year,5,Years,2016,82.3433128385,82.7828618414,81.9170451047
26,Life expectancy,81,Germany,3,Both,28,<1 year,5,Years,2016,80.9333526701,81.6154508526,80.2354294926
26,Life expectancy,82,Greece,3,Both,28,<1 year,5,Years,2016,80.9737744651,81.6083279051,80.339930412
26,Life expectancy,83,Iceland,3,Both,28,<1 year,5,Years,2016,82.2708287388,82.9617447084,81.5644789412
26,Life expectancy,84,Ireland,3,Both,28,<1 year,5,Years,2016,81.142843629,82.1892978654,80.0411962426
26,Life expectancy,85,Israel,3,Both,28,<1 year,5,Years,2016,82.1354046252,83.6223116954,80.5901814682
26,Life expectancy,86,Italy,3,Both,28,<1 year,5,Years,2016,82.3415508101,82.8640025475,81.822785633
26,Life expectancy,87,Luxembourg,3,Both,28,<1 year,5,Years,2016,82.1199112178,82.970533668,81.2725139803
26,Life expectancy,88,Malta,3,Both,28,<1 year,5,Years,2016,81.4288660798,82.8516515883,79.9789980426
26,Life expectancy,89,Netherlands,3,Both,28,<1 year,5,Years,2016,81.6445492107,82.2818983594,80.9120852948
26,Life expectancy,90,Norway,3,Both,28,<1 year,5,Years,2016,82.097782011,82.9339829345,81.2887855164
26,Life expectancy,91,Portugal,3,Both,28,<1 year,5,Years,2016,80.9864493366,81.5601238121,80.4343361827
26,Life expectancy,92,Spain,3,Both,28,<1 year,5,Years,2016,82.9690951586,83.3469148566,82.5941892941
26,Life expectancy,93,Sweden,3,Both,28,<1 year,5,Years,2016,82.0478848786,82.9723725322,81.096575077
26,Life expectancy,94,Switzerland,3,Both,28,<1 year,5,Years,2016,83.1767646575,84.9234318265,81.2524931414
26,Life expectancy,95,United Kingdom,3,Both,28,<1 year,5,Years,2016,80.8996040088,81.0445613174,80.7290656663
26,Life expectancy,96,Southern Latin America,3,Both,28,<1 year,5,Years,2016,77.6864863256,78.4284005525,76.9220750231
26,Life expectancy,97,Argentina,3,Both,28,<1 year,5,Years,2016,76.7058593092,77.4568097636,75.9878233505
26,Life expectancy,98,Chile,3,Both,28,<1 year,5,Years,2016,80.3157699363,82.5426419585,78.0669064953
26,Life expectancy,99,Uruguay,3,Both,28,<1 year,5,Years,2016,77.328544295,78.0110040284,76.6935454394
26,Life expectancy,100,High-income North America,3,Both,28,<1 year,5,Years,2016,79.1634941505,79.3230014074,78.993340004
26,Life expectancy,101,Canada,3,Both,28,<1 year,5,Years,2016,81.8542812204,82.2043289128,81.5458346973
26,Life expectancy,102,United States,3,Both,28,<1 year,5,Years,2016,78.8564862259,79.0321277346,78.6715596769
26,Life expectancy,103,Latin America and Caribbean,3,Both,28,<1 year,5,Years,2016,75.8007936471,76.1776542779,75.366514558
26,Life expectancy,104,Caribbean,3,Both,28,<1 year,5,Years,2016,73.1630157425,74.2639897741,71.9883864113
26,Life expectancy,105,Antigua and Barbuda,3,Both,28,<1 year,5,Years,2016,77.3554399374,78.5062947322,76.1251663965
26,Life expectancy,106,The Bahamas,3,Both,28,<1 year,5,Years,2016,73.8574251038,75.1300467314,72.5183721504
26,Life expectancy,107,Barbados,3,Both,28,<1 year,5,Years,2016,76.6215193893,77.6691521111,75.4153841792
26,Life expectancy,108,Belize,3,Both,28,<1 year,5,Years,2016,71.8383225573,73.3874240264,70.3325903545
26,Life expectancy,109,Cuba,3,Both,28,<1 year,5,Years,2016,78.9136283202,79.6968285703,78.172043001
26,Life expectancy,110,Dominica,3,Both,28,<1 year,5,Years,2016,72.9247510031,74.454620304,71.3388125112
26,Life expectancy,111,Dominican Republic,3,Both,28,<1 year,5,Years,2016,75.6367618159,77.2780812614,74.2645975735
26,Life expectancy,112,Grenada,3,Both,28,<1 year,5,Years,2016,71.5592015774,73.2986506511,69.9683082292
26,Life expectancy,113,Guyana,3,Both,28,<1 year,5,Years,2016,67.7407388248,69.1598899665,66.3756006357
26,Life expectancy,114,Haiti,3,Both,28,<1 year,5,Years,2016,63.9653687246,66.7125595184,61.3531890204
26,Life expectancy,115,Jamaica,3,Both,28,<1 year,5,Years,2016,74.8952746981,76.7104427147,73.0962559324
26,Life expectancy,116,Saint Lucia,3,Both,28,<1 year,5,Years,2016,76.1257999655,77.0716889206,74.9321121542
26,Life expectancy,117,Saint Vincent and the Grenadines,3,Both,28,<1 year,5,Years,2016,71.6384819035,72.6430005005,70.5802232446
26,Life expectancy,118,Suriname,3,Both,28,<1 year,5,Years,2016,71.3392667225,72.3498239608,70.3020933672
26,Life expectancy,119,Trinidad and Tobago,3,Both,28,<1 year,5,Years,2016,73.0193978143,74.1691199491,71.7343538128
26,Life expectancy,120,Andean Latin America,3,Both,28,<1 year,5,Years,2016,77.8989425267,78.9358810761,76.7814128387
26,Life expectancy,121,Bolivia,3,Both,28,<1 year,5,Years,2016,73.2402676617,75.2968526492,71.1479848489
26,Life expectancy,122,Ecuador,3,Both,28,<1 year,5,Years,2016,77.8268721848,78.6295379069,77.076125151
26,Life expectancy,123,Peru,3,Both,28,<1 year,5,Years,2016,79.7400457488,81.3672886033,77.9157764117
26,Life expectancy,124,Central Latin America,3,Both,28,<1 year,5,Years,2016,76.494414346,76.9430243618,76.0228599942
26,Life expectancy,125,Colombia,3,Both,28,<1 year,5,Years,2016,78.2585886509,79.1624845542,77.3351091445
26,Life expectancy,126,Costa Rica,3,Both,28,<1 year,5,Years,2016,80.983341548,81.7170627154,80.2444419631
26,Life expectancy,127,El Salvador,3,Both,28,<1 year,5,Years,2016,75.4662003363,76.7675514322,74.1837731081
26,Life expectancy,128,Guatemala,3,Both,28,<1 year,5,Years,2016,72.7535913956,75.6488891247,69.9730339061
26,Life expectancy,129,Honduras,3,Both,28,<1 year,5,Years,2016,72.6688485518,75.4210195572,69.7571055098
26,Life expectancy,130,Mexico,3,Both,28,<1 year,5,Years,2016,76.3785156251,76.7653594905,75.9621500358
26,Life expectancy,131,Nicaragua,3,Both,28,<1 year,5,Years,2016,78.2657878744,79.7279599277,76.7369730382
26,Life expectancy,132,Panama,3,Both,28,<1 year,5,Years,2016,78.9155436818,80.1646330555,77.5256901647
26,Life expectancy,133,Venezuela,3,Both,28,<1 year,5,Years,2016,75.4296081571,77.0949013928,73.2916883538
26,Life expectancy,134,Tropical Latin America,3,Both,28,<1 year,5,Years,2016,75.2218835779,75.6523406422,74.7324806394
26,Life expectancy,135,Brazil,3,Both,28,<1 year,5,Years,2016,75.2441879877,75.6864783604,74.748196581
26,Life expectancy,136,Paraguay,3,Both,28,<1 year,5,Years,2016,74.4794868827,75.5735439718,73.2833936925
26,Life expectancy,137,North Africa and Middle East,3,Both,28,<1 year,5,Years,2016,73.1556473536,73.7885279375,72.5510599445
26,Life expectancy,138,North Africa and Middle East,3,Both,28,<1 year,5,Years,2016,73.1556473536,73.7885279375,72.5510599445
26,Life expectancy,139,Algeria,3,Both,28,<1 year,5,Years,2016,77.4143908137,78.2439949091,76.5376613204
26,Life expectancy,140,Bahrain,3,Both,28,<1 year,5,Years,2016,76.7684201119,78.4902516382,75.0027201859
26,Life expectancy,141,Egypt,3,Both,28,<1 year,5,Years,2016,72.1263150028,73.5318797391,70.6783518513
26,Life expectancy,142,Iran,3,Both,28,<1 year,5,Years,2016,75.9434499343,77.6424947373,74.2372430234
26,Life expectancy,143,Iraq,3,Both,28,<1 year,5,Years,2016,67.5966908324,70.3400288417,65.1481688842
26,Life expectancy,144,Jordan,3,Both,28,<1 year,5,Years,2016,76.2929952253,78.5133839077,74.1155308885
26,Life expectancy,145,Kuwait,3,Both,28,<1 year,5,Years,2016,79.6966143864,82.13319845,77.4093264415
26,Life expectancy,146,Lebanon,3,Both,28,<1 year,5,Years,2016,80.0674859896,81.1468405157,78.8986579642
26,Life expectancy,147,Libya,3,Both,28,<1 year,5,Years,2016,75.0518169945,76.3551595103,73.7175940988
26,Life expectancy,148,Morocco,3,Both,28,<1 year,5,Years,2016,75.001591877,75.894098489,74.1073328948
26,Life expectancy,149,Palestine,3,Both,28,<1 year,5,Years,2016,71.8209716863,72.43716232,71.2112793089
26,Life expectancy,150,Oman,3,Both,28,<1 year,5,Years,2016,76.965210353,77.6722110212,76.3067635894
26,Life expectancy,151,Qatar,3,Both,28,<1 year,5,Years,2016,79.8653381133,82.4927182078,77.0946593685
26,Life expectancy,152,Saudi Arabia,3,Both,28,<1 year,5,Years,2016,77.0958191992,77.8209934423,76.4085671311
26,Life expectancy,153,Syria,3,Both,28,<1 year,5,Years,2016,67.9910753339,74.2232141703,62.1893553738
26,Life expectancy,44634,High-middle SDI,3,Both,28,<1 year,5,Years,2016,76.4019959027,77.1517203867,75.493982619
26,Life expectancy,44635,High SDI,3,Both,28,<1 year,5,Years,2016,80.7446490061,80.9060615744,80.5882311909
26,Life expectancy,44636,Low-middle SDI,3,Both,28,<1 year,5,Years,2016,67.8317091464,68.2751187361,67.3284357921
26,Life expectancy,44637,Low SDI,3,Both,28,<1 year,5,Years,2016,63.0221001436,63.7180925353,62.2713255338
26,Life expectancy,44639,Middle SDI,3,Both,28,<1 year,5,Years,2016,74.1823707442,74.4438703186,73.9085410313
26,Life expectancy,4749,England,3,Both,28,<1 year,5,Years,2016,81.1785603202,81.2836635562,81.0703099001
26,Life expectancy,4940,Sweden except Stockholm,3,Both,28,<1 year,5,Years,2016,81.9811239121,83.1040533086,80.8707390558
26,Life expectancy,4944,Stockholm,3,Both,28,<1 year,5,Years,2016,82.3129470987,83.8502358133,80.6000168504
26,Life expectancy,35424,Hokkaid?,3,Both,28,<1 year,5,Years,2016,83.8194795361,85.3774316876,82.234112472
26,Life expectancy,35425,Aomori,3,Both,28,<1 year,5,Years,2016,82.7198173592,83.5651921748,81.8835273874
26,Life expectancy,35426,Iwate,3,Both,28,<1 year,5,Years,2016,83.8040348144,84.6264405499,83.0314945214
26,Life expectancy,35427,Miyagi,3,Both,28,<1 year,5,Years,2016,84.7616223608,85.480962652,83.9155748935
26,Life expectancy,35428,Akita,3,Both,28,<1 year,5,Years,2016,83.4456269585,84.2066774833,82.7248799445
26,Life expectancy,35429,Yamagata,3,Both,28,<1 year,5,Years,2016,83.9970953897,84.8726120317,83.1708459828
26,Life expectancy,35430,Fukushima,3,Both,28,<1 year,5,Years,2016,83.6935679681,84.9683267601,82.4740044788
26,Life expectancy,35431,Ibaraki,3,Both,28,<1 year,5,Years,2016,83.4548159692,84.1589124866,82.7693042982
26,Life expectancy,35432,Tochigi,3,Both,28,<1 year,5,Years,2016,83.5264205369,84.266138863,82.8160507591
26,Life expectancy,35433,Gunma,3,Both,28,<1 year,5,Years,2016,83.7239269676,84.3965800465,83.0139261757
26,Life expectancy,35434,Saitama,3,Both,28,<1 year,5,Years,2016,83.5488874555,84.274174024,82.8727580934
26,Life expectancy,35435,Chiba,3,Both,28,<1 year,5,Years,2016,83.8288644473,84.4127897005,83.1792647994
26,Life expectancy,35436,T?ky?,3,Both,28,<1 year,5,Years,2016,84.0811958573,84.8783000226,83.218224081
26,Life expectancy,35437,Kanagawa,3,Both,28,<1 year,5,Years,2016,84.1876031207,84.8419872743,83.4880847181
26,Life expectancy,35438,Niigata,3,Both,28,<1 year,5,Years,2016,84.0001172704,85.5234275032,82.6043501215
26,Life expectancy,35439,Toyama,3,Both,28,<1 year,5,Years,2016,84.3186518926,85.1256593619,83.5609749029
26,Life expectancy,35440,Ishikawa,3,Both,28,<1 year,5,Years,2016,84.4213826403,85.1589409385,83.6946110543
26,Life expectancy,35441,Fukui,3,Both,28,<1 year,5,Years,2016,84.424137775,85.1715276378,83.5528419464
26,Life expectancy,35442,Yamanashi,3,Both,28,<1 year,5,Years,2016,83.8526757285,85.5649605942,82.1129788295
26,Life expectancy,35443,Nagano,3,Both,28,<1 year,5,Years,2016,84.9982534798,86.4152023097,83.4318889594
26,Life expectancy,35444,Gifu,3,Both,28,<1 year,5,Years,2016,83.6051780947,85.0992001955,82.1325461623
26,Life expectancy,35445,Shizuoka,3,Both,28,<1 year,5,Years,2016,84.0377069462,84.6801931252,83.4499285047
26,Life expectancy,35446,Aichi,3,Both,28,<1 year,5,Years,2016,83.6632838503,84.2985572997,83.0714720645
26,Life expectancy,35447,Mie,3,Both,28,<1 year,5,Years,2016,83.8030836075,84.4629692533,83.1178500747
26,Life expectancy,35448,Shiga,3,Both,28,<1 year,5,Years,2016,84.2061273529,85.69188131,82.7494069546
26,Life expectancy,35449,Ky?to,3,Both,28,<1 year,5,Years,2016,84.2777579425,85.0591897086,83.5154276406
26,Life expectancy,35450,?saka,3,Both,28,<1 year,5,Years,2016,83.3155458302,84.2509594603,82.3890971083
26,Life expectancy,35451,Hy?go,3,Both,28,<1 year,5,Years,2016,83.8696197964,84.5477843267,83.1805694264
26,Life expectancy,35452,Nara,3,Both,28,<1 year,5,Years,2016,84.1759991128,84.8603541538,83.4670273175
26,Life expectancy,35453,Wakayama,3,Both,28,<1 year,5,Years,2016,83.2288207111,84.5630246587,81.9101626554
26,Life expectancy,35454,Tottori,3,Both,28,<1 year,5,Years,2016,83.5683418483,85.3178589013,81.9281819243
26,Life expectancy,35455,Shimane,3,Both,28,<1 year,5,Years,2016,83.8151020018,85.374126041,82.2090826214
26,Life expectancy,35456,Okayama,3,Both,28,<1 year,5,Years,2016,83.9789402556,84.7931692113,83.1662501005
26,Life expectancy,35457,Hiroshima,3,Both,28,<1 year,5,Years,2016,84.1771293477,84.8368896778,83.5129448388
26,Life expectancy,35458,Yamaguchi,3,Both,28,<1 year,5,Years,2016,83.9068419485,84.5996572646,83.1942777247
26,Life expectancy,35459,Tokushima,3,Both,28,<1 year,5,Years,2016,83.0966885365,84.6362461381,81.2848187614
26,Life expectancy,35460,Kagawa,3,Both,28,<1 year,5,Years,2016,83.8657420773,84.6409182712,83.1426896026
26,Life expectancy,35461,Ehime,3,Both,28,<1 year,5,Years,2016,83.6399414932,85.3574596529,82.1413684297
26,Life expectancy,35462,K?chi,3,Both,28,<1 year,5,Years,2016,83.8458517616,84.6456621962,83.0052534325
26,Life expectancy,35463,Fukuoka,3,Both,28,<1 year,5,Years,2016,84.4492484116,85.1504942405,83.7667658829
26,Life expectancy,35464,Saga,3,Both,28,<1 year,5,Years,2016,83.9032854544,85.4680077942,82.3883642562
26,Life expectancy,35465,Nagasaki,3,Both,28,<1 year,5,Years,2016,84.3235892486,85.1422858905,83.5097215788
26,Life expectancy,35466,Kumamoto,3,Both,28,<1 year,5,Years,2016,85.0915879538,85.9679679677,84.1544880923
26,Life expectancy,35467,?ita,3,Both,28,<1 year,5,Years,2016,84.0425714611,85.5522870486,82.5343171519
26,Life expectancy,35468,Miyazaki,3,Both,28,<1 year,5,Years,2016,84.5334626623,85.3361325578,83.7478627015
26,Life expectancy,35469,Kagoshima,3,Both,28,<1 year,5,Years,2016,83.4598580892,85.1231387624,81.7664485171
26,Life expectancy,35470,Okinawa,3,Both,28,<1 year,5,Years,2016,84.6304462893,85.4353530482,83.8900603207
26,Life expectancy,154,Tunisia,3,Both,28,<1 year,5,Years,2016,77.4600762702,79.121592743,75.9232950698
26,Life expectancy,155,Turkey,3,Both,28,<1 year,5,Years,2016,79.1602599336,80.7723721099,77.6089510542
26,Life expectancy,156,United Arab Emirates,3,Both,28,<1 year,5,Years,2016,75.5134001529,77.4345117768,73.4547228678
26,Life expectancy,157,Yemen,3,Both,28,<1 year,5,Years,2016,66.6767465265,68.0361941934,65.1649215978
26,Life expectancy,158,South Asia,3,Both,28,<1 year,5,Years,2016,68.7656172173,69.2291537974,68.2291941453
26,Life expectancy,159,South Asia,3,Both,28,<1 year,5,Years,2016,68.7656172173,69.2291537974,68.2291941453
26,Life expectancy,160,Afghanistan,3,Both,28,<1 year,5,Years,2016,57.948681381,59.5292660725,56.279734486
26,Life expectancy,161,Bangladesh,3,Both,28,<1 year,5,Years,2016,72.6222563458,73.7270671055,71.4476904642
26,Life expectancy,162,Bhutan,3,Both,28,<1 year,5,Years,2016,73.7914380459,75.2562151843,72.257044007
26,Life expectancy,163,India,3,Both,28,<1 year,5,Years,2016,68.5452953108,69.1083625289,67.9232386525
26,Life expectancy,164,Nepal,3,Both,28,<1 year,5,Years,2016,70.8587600132,71.6571968067,70.0744643527
26,Life expectancy,165,Pakistan,3,Both,28,<1 year,5,Years,2016,67.6076576245,69.1223743488,66.0775255168
26,Life expectancy,166,Sub-Saharan Africa,3,Both,28,<1 year,5,Years,2016,62.8704727495,63.5412210965,62.1442728082
26,Life expectancy,167,Central Sub-Saharan Africa,3,Both,28,<1 year,5,Years,2016,61.6966870423,63.2359223255,60.1001093148
26,Life expectancy,168,Angola,3,Both,28,<1 year,5,Years,2016,64.6365466458,67.8355655543,61.0406263077
26,Life expectancy,169,Central African Republic,3,Both,28,<1 year,5,Years,2016,50.1646003958,53.3452930882,47.2553624401
26,Life expectancy,170,Congo,3,Both,28,<1 year,5,Years,2016,62.8873066359,65.4665215369,60.5230180586
26,Life expectancy,171,Democratic Republic of the Congo,3,Both,28,<1 year,5,Years,2016,61.5576079055,63.3304275738,59.6299951207
26,Life expectancy,172,Equatorial Guinea,3,Both,28,<1 year,5,Years,2016,65.4742429574,70.0433938739,61.1938922415
26,Life expectancy,173,Gabon,3,Both,28,<1 year,5,Years,2016,66.5275265657,68.7269691762,64.3839621272
26,Life expectancy,174,Eastern Sub-Saharan Africa,3,Both,28,<1 year,5,Years,2016,63.3924286072,64.2161120052,62.5120734504
26,Life expectancy,175,Burundi,3,Both,28,<1 year,5,Years,2016,60.3432118312,62.709548203,57.897505687
26,Life expectancy,176,Comoros,3,Both,28,<1 year,5,Years,2016,67.5403821597,69.1805894488,65.934868073
26,Life expectancy,177,Djibouti,3,Both,28,<1 year,5,Years,2016,66.683167309,68.9465417073,64.6658170164
26,Life expectancy,178,Eritrea,3,Both,28,<1 year,5,Years,2016,63.6612396567,65.2724271802,62.1362723823
26,Life expectancy,179,Ethiopia,3,Both,28,<1 year,5,Years,2016,65.6265819503,67.4777145865,63.8898867184
26,Life expectancy,180,Kenya,3,Both,28,<1 year,5,Years,2016,66.842490244,67.5563214321,66.1235582004
26,Life expectancy,181,Madagascar,3,Both,28,<1 year,5,Years,2016,62.6803851967,65.206781488,60.374857426
26,Life expectancy,182,Malawi,3,Both,28,<1 year,5,Years,2016,60.1773661264,62.5627249601,57.9794031263
26,Life expectancy,183,Mauritius,3,Both,28,<1 year,5,Years,2016,74.5794266775,75.9134377693,73.1983690493
26,Life expectancy,184,Mozambique,3,Both,28,<1 year,5,Years,2016,60.016476961,61.8858809607,57.8985357797
26,Life expectancy,185,Rwanda,3,Both,28,<1 year,5,Years,2016,67.7735929513,69.3833818132,66.1064915113
26,Life expectancy,186,Seychelles,3,Both,28,<1 year,5,Years,2016,73.6782942925,74.8723458848,72.2548010118
26,Life expectancy,187,Somalia,3,Both,28,<1 year,5,Years,2016,57.1308794989,59.1907683388,54.9304305385
26,Life expectancy,189,Tanzania,3,Both,28,<1 year,5,Years,2016,64.290737565,65.8923485893,62.8048397834
26,Life expectancy,190,Uganda,3,Both,28,<1 year,5,Years,2016,62.2017366732,63.8226615971,60.7759284195
26,Life expectancy,191,Zambia,3,Both,28,<1 year,5,Years,2016,58.6248161566,61.3327566467,56.0085738716
26,Life expectancy,192,Southern Sub-Saharan Africa,3,Both,28,<1 year,5,Years,2016,61.6198328034,62.5556377242,60.7056326103
26,Life expectancy,193,Botswana,3,Both,28,<1 year,5,Years,2016,65.2348437693,71.4423542595,61.7231374421
26,Life expectancy,194,Lesotho,3,Both,28,<1 year,5,Years,2016,50.3067197475,52.7375004292,47.564518355
26,Life expectancy,195,Namibia,3,Both,28,<1 year,5,Years,2016,64.7741900146,68.1456882225,62.0921300827
26,Life expectancy,196,South Africa,3,Both,28,<1 year,5,Years,2016,62.4367245977,63.4694601266,61.2435842527
26,Life expectancy,197,Swaziland,3,Both,28,<1 year,5,Years,2016,57.4406514357,61.5533297749,53.9408519654
26,Life expectancy,198,Zimbabwe,3,Both,28,<1 year,5,Years,2016,59.2048346302,61.3535767145,57.1260751546
26,Life expectancy,199,Western Sub-Saharan Africa,3,Both,28,<1 year,5,Years,2016,63.3066983381,64.2494699617,62.2969237418
26,Life expectancy,200,Benin,3,Both,28,<1 year,5,Years,2016,64.4238977691,65.6602413891,63.0540126589
26,Life expectancy,201,Burkina Faso,3,Both,28,<1 year,5,Years,2016,60.7931661132,61.8512662519,59.5378564485
26,Life expectancy,202,Cameroon,3,Both,28,<1 year,5,Years,2016,60.1388753995,62.4309064324,57.8414830973
26,Life expectancy,203,Cape Verde,3,Both,28,<1 year,5,Years,2016,73.5892524902,75.0845266833,72.276020412
26,Life expectancy,204,Chad,3,Both,28,<1 year,5,Years,2016,59.8301843272,61.4011032469,58.1693582217
26,Life expectancy,205,Cote d'Ivoire,3,Both,28,<1 year,5,Years,2016,59.8692914936,61.2588734849,58.4278580526
26,Life expectancy,206,The Gambia,3,Both,28,<1 year,5,Years,2016,67.3390848949,68.6687721208,66.1381229043
26,Life expectancy,207,Ghana,3,Both,28,<1 year,5,Years,2016,66.0055292574,67.5131683633,64.7080298688
26,Life expectancy,208,Guinea,3,Both,28,<1 year,5,Years,2016,60.677353421,62.4799751477,58.7993726083
26,Life expectancy,209,Guinea-Bissau,3,Both,28,<1 year,5,Years,2016,58.7524246634,60.1494912909,57.2450489525
26,Life expectancy,210,Liberia,3,Both,28,<1 year,5,Years,2016,64.3796766547,65.3104088515,63.3841734685
26,Life expectancy,211,Mali,3,Both,28,<1 year,5,Years,2016,61.8445782371,64.1514432461,59.5639027093
26,Life expectancy,212,Mauritania,3,Both,28,<1 year,5,Years,2016,70.1642077509,72.3904542527,68.2813537505
26,Life expectancy,213,Niger,3,Both,28,<1 year,5,Years,2016,61.6797090187,63.7161674934,59.6821509787
26,Life expectancy,214,Nigeria,3,Both,28,<1 year,5,Years,2016,65.021908835,67.0448604171,63.1866839619
26,Life expectancy,215,Sao Tome and Principe,3,Both,28,<1 year,5,Years,2016,70.5953313661,72.1292278229,69.0689118746
26,Life expectancy,216,Senegal,3,Both,28,<1 year,5,Years,2016,66.2423197104,67.1021956862,65.3436619526
26,Life expectancy,217,Sierra Leone,3,Both,28,<1 year,5,Years,2016,59.1472604582,60.6144702247,57.748557159
26,Life expectancy,218,Togo,3,Both,28,<1 year,5,Years,2016,62.5878171267,63.8717974504,61.2809749311
26,Life expectancy,298,American Samoa,3,Both,28,<1 year,5,Years,2016,72.3917147624,74.2533183012,70.5397844013
26,Life expectancy,305,Bermuda,3,Both,28,<1 year,5,Years,2016,78.9275653191,80.1293553218,77.7496327046
26,Life expectancy,349,Greenland,3,Both,28,<1 year,5,Years,2016,69.9993933753,72.0165382926,67.9377735437
26,Life expectancy,351,Guam,3,Both,28,<1 year,5,Years,2016,72.3352635405,73.8760896735,70.7103202691
26,Life expectancy,376,Northern Mariana Islands,3,Both,28,<1 year,5,Years,2016,75.4681649896,77.1090325748,73.770926676
26,Life expectancy,385,Puerto Rico,3,Both,28,<1 year,5,Years,2016,78.7666489475,79.6816229743,77.7964659822
26,Life expectancy,422,"Virgin Islands, U.S.",3,Both,28,<1 year,5,Years,2016,74.6204970973,76.1771979884,73.3861441743
26,Life expectancy,433,Northern Ireland,3,Both,28,<1 year,5,Years,2016,80.1497288078,81.3820599749,79.0874307866
26,Life expectancy,434,Scotland,3,Both,28,<1 year,5,Years,2016,79.0554985788,79.9962353741,78.028421285
26,Life expectancy,435,South Sudan,3,Both,28,<1 year,5,Years,2016,59.6983836219,62.5806855016,56.9628913169
26,Life expectancy,522,Sudan,3,Both,28,<1 year,5,Years,2016,68.2983217079,69.4327221426,66.9026603872
26,Life expectancy,4648,Colima,3,Both,28,<1 year,5,Years,1990,71.3280349325,72.2251636581,70.4094334837
26,Life expectancy,4649,Chiapas,3,Both,28,<1 year,5,Years,1990,69.1958510797,70.1422319822,68.1137346469
26,Life expectancy,4650,Chihuahua,3,Both,28,<1 year,5,Years,1990,68.3512330209,69.2552999425,67.4757287861
26,Life expectancy,4651,Distrito Federal,3,Both,28,<1 year,5,Years,1990,73.0660821367,73.7108494444,72.440300522
26,Life expectancy,4652,Durango,3,Both,28,<1 year,5,Years,1990,71.0617411732,71.9934333806,70.1466988655
26,Life expectancy,4653,Guanajuato,3,Both,28,<1 year,5,Years,1990,72.3449630029,73.0380902782,71.692877526
26,Life expectancy,4654,Guerrero,3,Both,28,<1 year,5,Years,1990,72.1229518542,73.1515218706,71.104218615
26,Life expectancy,4655,Hidalgo,3,Both,28,<1 year,5,Years,1990,71.4919166504,72.2228552896,70.668379215
26,Life expectancy,4656,Jalisco,3,Both,28,<1 year,5,Years,1990,71.9957612828,72.8470830495,71.2058033036
26,Life expectancy,4657,México,3,Both,28,<1 year,5,Years,1990,71.849902561,72.5538427404,71.1662851616
26,Life expectancy,4658,Michoacán de Ocampo,3,Both,28,<1 year,5,Years,1990,71.9489445399,72.7702214565,71.056254337
26,Life expectancy,4659,Morelos,3,Both,28,<1 year,5,Years,1990,72.6260716767,73.4958961548,71.714793417
26,Life expectancy,4660,Nayarit,3,Both,28,<1 year,5,Years,1990,71.7779641111,72.5626826122,70.9793241919
26,Life expectancy,4661,Nuevo León,3,Both,28,<1 year,5,Years,1990,73.8215227008,74.5623448594,73.0480239696
26,Life expectancy,4662,Oaxaca,3,Both,28,<1 year,5,Years,1990,68.2530053722,69.1014772205,67.4749717825
26,Life expectancy,4663,Puebla,3,Both,28,<1 year,5,Years,1990,69.1876724832,70.0502205597,68.4047448528
26,Life expectancy,4664,Querétaro,3,Both,28,<1 year,5,Years,1990,72.0015353765,72.7142910578,71.3839548322
26,Life expectancy,4665,Quintana Roo,3,Both,28,<1 year,5,Years,1990,74.3922581911,75.3343624231,73.5223141871
26,Life expectancy,4666,San Luis Potosí,3,Both,28,<1 year,5,Years,1990,71.9841559657,72.7953808077,71.1755762591
26,Life expectancy,4667,Sinaloa,3,Both,28,<1 year,5,Years,1990,74.3276357953,75.2490112639,73.4772074604
26,Life expectancy,4668,Sonora,3,Both,28,<1 year,5,Years,1990,70.9872709786,71.8257801686,70.144431187
26,Life expectancy,4669,Tabasco,3,Both,28,<1 year,5,Years,1990,72.0447323905,72.9141542415,71.2027351246
26,Life expectancy,4670,Tamaulipas,3,Both,28,<1 year,5,Years,1990,72.1270509787,72.8438730056,71.3411771316
26,Life expectancy,4671,Tlaxcala,3,Both,28,<1 year,5,Years,1990,71.846161118,72.5961436821,71.1793677215
26,Life expectancy,4672,Veracruz de Ignacio de la Llave,3,Both,28,<1 year,5,Years,1990,71.8179610429,72.642253061,70.9487280568
26,Life expectancy,4673,Yucatán,3,Both,28,<1 year,5,Years,1990,72.8915436355,73.5816953434,72.177140154
26,Life expectancy,4674,Zacatecas,3,Both,28,<1 year,5,Years,1990,73.1800400971,73.9382474625,72.4242605819
26,Life expectancy,4749,England,3,Both,28,<1 year,5,Years,1990,75.9641939656,76.0349563161,75.8936957741
26,Life expectancy,4940,Sweden except Stockholm,3,Both,28,<1 year,5,Years,1990,77.7157926677,78.0334023453,77.4123338656
